system:index,area_km2,band,class,class_name,.geo
0_0_0,7272.114368227103,classification_1985,3,Forest Formation,"{""type"":""MultiPoint"",""coordinates"":[]}"
0_0_1,65.95115774963405,classification_1985,9,Forest Plantation,"{""type"":""MultiPoint"",""coordinates"":[]}"
0_0_2,24.12839341961671,classification_1985,11,Wetland,"{""type"":""MultiPoint"",""coordinates"":[]}"
0_0_3,8.874700317382813E-4,classification_1985,12,"Grassland (Pastizal, Formación Herbácea)","{""type"":""MultiPoint"",""coordinates"":[]}"
0_0_4,4386.066138759238,classification_1985,13,Other Non Forest Natural Formation,"{""type"":""MultiPoint"",""coordinates"":[]}"
0_0_5,10557.576488552277,classification_1985,21,Mosaic of Agriculture and Pasture,"{""type"":""MultiPoint"",""coordinates"":[]}"
0_0_6,25.15907585681153,classification_1985,23,Beach and Dune,"{""type"":""MultiPoint"",""coordinates"":[]}"
0_0_7,14.55765030804441,classification_1985,24,Urban Infrastructure,"{""type"":""MultiPoint"",""coordinates"":[]}"
0_0_8,478.6274763167767,classification_1985,25,Other Non Vegetated Area,"{""type"":""MultiPoint"",""coordinates"":[]}"
0_0_9,0.13316355407714847,classification_1985,27,Non Observed,"{""type"":""MultiPoint"",""coordinates"":[]}"
0_0_10,115.7625905112805,classification_1985,29,Rocky outcrop,"{""type"":""MultiPoint"",""coordinates"":[]}"
0_0_11,2.6431638312377905,classification_1985,30,Mining,"{""type"":""MultiPoint"",""coordinates"":[]}"
0_0_12,105.30679018672903,classification_1985,33,"River, Lake and Ocean","{""type"":""MultiPoint"",""coordinates"":[]}"
0_0_13,28.48642721844961,classification_1985,34,Glacier,"{""type"":""MultiPoint"",""coordinates"":[]}"
0_0_14,35.84367872802774,classification_1985,68,Other natural non-vegetated area,"{""type"":""MultiPoint"",""coordinates"":[]}"
1_0_0,7241.105537206251,classification_1986,3,Forest Formation,"{""type"":""MultiPoint"",""coordinates"":[]}"
1_0_1,66.33976675445584,classification_1986,9,Forest Plantation,"{""type"":""MultiPoint"",""coordinates"":[]}"
1_0_2,22.849767408874467,classification_1986,11,Wetland,"{""type"":""MultiPoint"",""coordinates"":[]}"
1_0_3,8.874700317382813E-4,classification_1986,12,"Grassland (Pastizal, Formación Herbácea)","{""type"":""MultiPoint"",""coordinates"":[]}"
1_0_4,4389.5951758999,classification_1986,13,Other Non Forest Natural Formation,"{""type"":""MultiPoint"",""coordinates"":[]}"
1_0_5,10587.894596067132,classification_1986,21,Mosaic of Agriculture and Pasture,"{""type"":""MultiPoint"",""coordinates"":[]}"
1_0_6,23.379736458984397,classification_1986,23,Beach and Dune,"{""type"":""MultiPoint"",""coordinates"":[]}"
1_0_7,16.83544611370849,classification_1986,24,Urban Infrastructure,"{""type"":""MultiPoint"",""coordinates"":[]}"
1_0_8,475.8972267064865,classification_1986,25,Other Non Vegetated Area,"{""type"":""MultiPoint"",""coordinates"":[]}"
1_0_9,0.13316355407714847,classification_1986,27,Non Observed,"{""type"":""MultiPoint"",""coordinates"":[]}"
1_0_10,114.6219121933504,classification_1986,29,Rocky outcrop,"{""type"":""MultiPoint"",""coordinates"":[]}"
1_0_11,3.3699357229614284,classification_1986,30,Mining,"{""type"":""MultiPoint"",""coordinates"":[]}"
1_0_12,107.55027090059623,classification_1986,33,"River, Lake and Ocean","{""type"":""MultiPoint"",""coordinates"":[]}"
1_0_13,27.916055811222908,classification_1986,34,Glacier,"{""type"":""MultiPoint"",""coordinates"":[]}"
1_0_14,34.867972421264845,classification_1986,68,Other natural non-vegetated area,"{""type"":""MultiPoint"",""coordinates"":[]}"
2_0_0,7284.612858418663,classification_1987,3,Forest Formation,"{""type"":""MultiPoint"",""coordinates"":[]}"
2_0_1,69.70177191040075,classification_1987,9,Forest Plantation,"{""type"":""MultiPoint"",""coordinates"":[]}"
2_0_2,24.19713802508533,classification_1987,11,Wetland,"{""type"":""MultiPoint"",""coordinates"":[]}"
2_0_3,4377.771654576645,classification_1987,13,Other Non Forest Natural Formation,"{""type"":""MultiPoint"",""coordinates"":[]}"
2_0_4,10547.166565490379,classification_1987,21,Mosaic of Agriculture and Pasture,"{""type"":""MultiPoint"",""coordinates"":[]}"
2_0_5,25.560259291992033,classification_1987,23,Beach and Dune,"{""type"":""MultiPoint"",""coordinates"":[]}"
2_0_6,18.935182339477542,classification_1987,24,Urban Infrastructure,"{""type"":""MultiPoint"",""coordinates"":[]}"
2_0_7,480.6580453284346,classification_1987,25,Other Non Vegetated Area,"{""type"":""MultiPoint"",""coordinates"":[]}"
2_0_8,0.13316355407714847,classification_1987,27,Non Observed,"{""type"":""MultiPoint"",""coordinates"":[]}"
2_0_9,117.3985056616711,classification_1987,29,Rocky outcrop,"{""type"":""MultiPoint"",""coordinates"":[]}"
2_0_10,4.119803113891607,classification_1987,30,Mining,"{""type"":""MultiPoint"",""coordinates"":[]}"
2_0_11,99.95189688649695,classification_1987,33,"River, Lake and Ocean","{""type"":""MultiPoint"",""coordinates"":[]}"
2_0_12,26.363046505496445,classification_1987,34,Glacier,"{""type"":""MultiPoint"",""coordinates"":[]}"
2_0_13,35.78755958636456,classification_1987,68,Other natural non-vegetated area,"{""type"":""MultiPoint"",""coordinates"":[]}"
3_0_0,7346.917331167139,classification_1988,3,Forest Formation,"{""type"":""MultiPoint"",""coordinates"":[]}"
3_0_1,67.83205401886,classification_1988,9,Forest Plantation,"{""type"":""MultiPoint"",""coordinates"":[]}"
3_0_2,24.075270046752806,classification_1988,11,Wetland,"{""type"":""MultiPoint"",""coordinates"":[]}"
3_0_3,4392.959010828875,classification_1988,13,Other Non Forest Natural Formation,"{""type"":""MultiPoint"",""coordinates"":[]}"
3_0_4,10455.969428811753,classification_1988,21,Mosaic of Agriculture and Pasture,"{""type"":""MultiPoint"",""coordinates"":[]}"
3_0_5,26.9475698199462,classification_1988,23,Beach and Dune,"{""type"":""MultiPoint"",""coordinates"":[]}"
3_0_6,19.285675664245606,classification_1988,24,Urban Infrastructure,"{""type"":""MultiPoint"",""coordinates"":[]}"
3_0_7,495.8094227867418,classification_1988,25,Other Non Vegetated Area,"{""type"":""MultiPoint"",""coordinates"":[]}"
3_0_8,0.13316355407714847,classification_1988,27,Non Observed,"{""type"":""MultiPoint"",""coordinates"":[]}"
3_0_9,113.40505063146054,classification_1988,29,Rocky outcrop,"{""type"":""MultiPoint"",""coordinates"":[]}"
3_0_10,4.923091782897961,classification_1988,30,Mining,"{""type"":""MultiPoint"",""coordinates"":[]}"
3_0_11,99.96166852244242,classification_1988,33,"River, Lake and Ocean","{""type"":""MultiPoint"",""coordinates"":[]}"
3_0_12,25.85661827234178,classification_1988,34,Glacier,"{""type"":""MultiPoint"",""coordinates"":[]}"
3_0_13,38.282094781738685,classification_1988,68,Other natural non-vegetated area,"{""type"":""MultiPoint"",""coordinates"":[]}"
4_0_0,7404.860820716055,classification_1989,3,Forest Formation,"{""type"":""MultiPoint"",""coordinates"":[]}"
4_0_1,65.34808978894083,classification_1989,9,Forest Plantation,"{""type"":""MultiPoint"",""coordinates"":[]}"
4_0_2,23.760636681091125,classification_1989,11,Wetland,"{""type"":""MultiPoint"",""coordinates"":[]}"
4_0_3,4451.784839949929,classification_1989,13,Other Non Forest Natural Formation,"{""type"":""MultiPoint"",""coordinates"":[]}"
4_0_4,10330.272754249629,classification_1989,21,Mosaic of Agriculture and Pasture,"{""type"":""MultiPoint"",""coordinates"":[]}"
4_0_5,26.200154425180855,classification_1989,23,Beach and Dune,"{""type"":""MultiPoint"",""coordinates"":[]}"
4_0_6,21.216171535156242,classification_1989,24,Urban Infrastructure,"{""type"":""MultiPoint"",""coordinates"":[]}"
4_0_7,507.73694699401716,classification_1989,25,Other Non Vegetated Area,"{""type"":""MultiPoint"",""coordinates"":[]}"
4_0_8,0.13316355407714847,classification_1989,27,Non Observed,"{""type"":""MultiPoint"",""coordinates"":[]}"
4_0_9,112.55670205358125,classification_1989,29,Rocky outcrop,"{""type"":""MultiPoint"",""coordinates"":[]}"
4_0_10,5.235364797546402,classification_1989,30,Mining,"{""type"":""MultiPoint"",""coordinates"":[]}"
4_0_11,100.1580877376727,classification_1989,33,"River, Lake and Ocean","{""type"":""MultiPoint"",""coordinates"":[]}"
4_0_12,25.4408304500763,classification_1989,34,Glacier,"{""type"":""MultiPoint"",""coordinates"":[]}"
4_0_13,37.652887756347994,classification_1989,68,Other natural non-vegetated area,"{""type"":""MultiPoint"",""coordinates"":[]}"
5_0_0,7396.265466805467,classification_1990,3,Forest Formation,"{""type"":""MultiPoint"",""coordinates"":[]}"
5_0_1,66.28634421014432,classification_1990,9,Forest Plantation,"{""type"":""MultiPoint"",""coordinates"":[]}"
5_0_2,19.95813833843982,classification_1990,11,Wetland,"{""type"":""MultiPoint"",""coordinates"":[]}"
5_0_3,4449.413656835321,classification_1990,13,Other Non Forest Natural Formation,"{""type"":""MultiPoint"",""coordinates"":[]}"
5_0_4,10363.434989600622,classification_1990,21,Mosaic of Agriculture and Pasture,"{""type"":""MultiPoint"",""coordinates"":[]}"
5_0_5,26.032932147043656,classification_1990,23,Beach and Dune,"{""type"":""MultiPoint"",""coordinates"":[]}"
5_0_6,21.4990609399414,classification_1990,24,Urban Infrastructure,"{""type"":""MultiPoint"",""coordinates"":[]}"
5_0_7,506.7550385712876,classification_1990,25,Other Non Vegetated Area,"{""type"":""MultiPoint"",""coordinates"":[]}"
5_0_8,0.13316355407714847,classification_1990,27,Non Observed,"{""type"":""MultiPoint"",""coordinates"":[]}"
5_0_9,111.69504201024513,classification_1990,29,Rocky outcrop,"{""type"":""MultiPoint"",""coordinates"":[]}"
5_0_10,5.304698053710957,classification_1990,30,Mining,"{""type"":""MultiPoint"",""coordinates"":[]}"
5_0_11,98.59854167956732,classification_1990,33,"River, Lake and Ocean","{""type"":""MultiPoint"",""coordinates"":[]}"
5_0_12,25.297790475162014,classification_1990,34,Glacier,"{""type"":""MultiPoint"",""coordinates"":[]}"
5_0_13,21.682587468322694,classification_1990,68,Other natural non-vegetated area,"{""type"":""MultiPoint"",""coordinates"":[]}"
6_0_0,7256.350775712444,classification_1991,3,Forest Formation,"{""type"":""MultiPoint"",""coordinates"":[]}"
6_0_1,65.84431923541283,classification_1991,9,Forest Plantation,"{""type"":""MultiPoint"",""coordinates"":[]}"
6_0_2,19.931486347839243,classification_1991,11,Wetland,"{""type"":""MultiPoint"",""coordinates"":[]}"
6_0_3,4441.700219222174,classification_1991,13,Other Non Forest Natural Formation,"{""type"":""MultiPoint"",""coordinates"":[]}"
6_0_4,10517.655303352296,classification_1991,21,Mosaic of Agriculture and Pasture,"{""type"":""MultiPoint"",""coordinates"":[]}"
6_0_5,24.025316520812886,classification_1991,23,Beach and Dune,"{""type"":""MultiPoint"",""coordinates"":[]}"
6_0_6,22.579892897521958,classification_1991,24,Urban Infrastructure,"{""type"":""MultiPoint"",""coordinates"":[]}"
6_0_7,480.0698989404903,classification_1991,25,Other Non Vegetated Area,"{""type"":""MultiPoint"",""coordinates"":[]}"
6_0_8,0.13316355407714847,classification_1991,27,Non Observed,"{""type"":""MultiPoint"",""coordinates"":[]}"
6_0_9,113.80220322520901,classification_1991,29,Rocky outcrop,"{""type"":""MultiPoint"",""coordinates"":[]}"
6_0_10,5.462112441711443,classification_1991,30,Mining,"{""type"":""MultiPoint"",""coordinates"":[]}"
6_0_11,104.22691314845953,classification_1991,33,"River, Lake and Ocean","{""type"":""MultiPoint"",""coordinates"":[]}"
6_0_12,24.65811772949604,classification_1991,34,Glacier,"{""type"":""MultiPoint"",""coordinates"":[]}"
6_0_13,35.917728361267166,classification_1991,68,Other natural non-vegetated area,"{""type"":""MultiPoint"",""coordinates"":[]}"
7_0_0,7226.29896804486,classification_1992,3,Forest Formation,"{""type"":""MultiPoint"",""coordinates"":[]}"
7_0_1,59.19311612896768,classification_1992,9,Forest Plantation,"{""type"":""MultiPoint"",""coordinates"":[]}"
7_0_2,19.859178894287,classification_1992,11,Wetland,"{""type"":""MultiPoint"",""coordinates"":[]}"
7_0_3,4473.323556753989,classification_1992,13,Other Non Forest Natural Formation,"{""type"":""MultiPoint"",""coordinates"":[]}"
7_0_4,10538.483289383354,classification_1992,21,Mosaic of Agriculture and Pasture,"{""type"":""MultiPoint"",""coordinates"":[]}"
7_0_5,24.60984229626461,classification_1992,23,Beach and Dune,"{""type"":""MultiPoint"",""coordinates"":[]}"
7_0_6,26.274169751220718,classification_1992,24,Urban Infrastructure,"{""type"":""MultiPoint"",""coordinates"":[]}"
7_0_7,458.28366099750474,classification_1992,25,Other Non Vegetated Area,"{""type"":""MultiPoint"",""coordinates"":[]}"
7_0_8,0.13316355407714847,classification_1992,27,Non Observed,"{""type"":""MultiPoint"",""coordinates"":[]}"
7_0_9,111.03465538884409,classification_1992,29,Rocky outcrop,"{""type"":""MultiPoint"",""coordinates"":[]}"
7_0_10,6.363315696716319,classification_1992,30,Mining,"{""type"":""MultiPoint"",""coordinates"":[]}"
7_0_11,105.84112877296161,classification_1992,33,"River, Lake and Ocean","{""type"":""MultiPoint"",""coordinates"":[]}"
7_0_12,24.159716321170997,classification_1992,34,Glacier,"{""type"":""MultiPoint"",""coordinates"":[]}"
7_0_13,38.49968870452908,classification_1992,68,Other natural non-vegetated area,"{""type"":""MultiPoint"",""coordinates"":[]}"
8_0_0,7246.139056265752,classification_1993,3,Forest Formation,"{""type"":""MultiPoint"",""coordinates"":[]}"
8_0_1,64.65206393017604,classification_1993,9,Forest Plantation,"{""type"":""MultiPoint"",""coordinates"":[]}"
8_0_2,20.81951835388171,classification_1993,11,Wetland,"{""type"":""MultiPoint"",""coordinates"":[]}"
8_0_3,4424.099669910804,classification_1993,13,Other Non Forest Natural Formation,"{""type"":""MultiPoint"",""coordinates"":[]}"
8_0_4,10567.704145426223,classification_1993,21,Mosaic of Agriculture and Pasture,"{""type"":""MultiPoint"",""coordinates"":[]}"
8_0_5,26.20769759100333,classification_1993,23,Beach and Dune,"{""type"":""MultiPoint"",""coordinates"":[]}"
8_0_6,26.33466424456789,classification_1993,24,Urban Infrastructure,"{""type"":""MultiPoint"",""coordinates"":[]}"
8_0_7,451.26359691394185,classification_1993,25,Other Non Vegetated Area,"{""type"":""MultiPoint"",""coordinates"":[]}"
8_0_8,0.13316355407714847,classification_1993,27,Non Observed,"{""type"":""MultiPoint"",""coordinates"":[]}"
8_0_9,109.06018410399615,classification_1993,29,Rocky outcrop,"{""type"":""MultiPoint"",""coordinates"":[]}"
8_0_10,6.094826148986821,classification_1993,30,Mining,"{""type"":""MultiPoint"",""coordinates"":[]}"
8_0_11,108.62030003024498,classification_1993,33,"River, Lake and Ocean","{""type"":""MultiPoint"",""coordinates"":[]}"
8_0_12,24.159716321170997,classification_1993,34,Glacier,"{""type"":""MultiPoint"",""coordinates"":[]}"
8_0_13,37.068847893799195,classification_1993,68,Other natural non-vegetated area,"{""type"":""MultiPoint"",""coordinates"":[]}"
9_0_0,7197.163601281908,classification_1994,3,Forest Formation,"{""type"":""MultiPoint"",""coordinates"":[]}"
9_0_1,66.63460530273473,classification_1994,9,Forest Plantation,"{""type"":""MultiPoint"",""coordinates"":[]}"
9_0_2,20.88703405340563,classification_1994,11,Wetland,"{""type"":""MultiPoint"",""coordinates"":[]}"
9_0_3,4375.269274260844,classification_1994,13,Other Non Forest Natural Formation,"{""type"":""MultiPoint"",""coordinates"":[]}"
9_0_4,10661.068341510363,classification_1994,21,Mosaic of Agriculture and Pasture,"{""type"":""MultiPoint"",""coordinates"":[]}"
9_0_5,25.192964303283617,classification_1994,23,Beach and Dune,"{""type"":""MultiPoint"",""coordinates"":[]}"
9_0_6,26.354232849792503,classification_1994,24,Urban Infrastructure,"{""type"":""MultiPoint"",""coordinates"":[]}"
9_0_7,452.9182083079846,classification_1994,25,Other Non Vegetated Area,"{""type"":""MultiPoint"",""coordinates"":[]}"
9_0_8,0.13316355407714847,classification_1994,27,Non Observed,"{""type"":""MultiPoint"",""coordinates"":[]}"
9_0_9,113.00871286534591,classification_1994,29,Rocky outcrop,"{""type"":""MultiPoint"",""coordinates"":[]}"
9_0_10,6.9256534324340855,classification_1994,30,Mining,"{""type"":""MultiPoint"",""coordinates"":[]}"
9_0_11,105.62086961020067,classification_1994,33,"River, Lake and Ocean","{""type"":""MultiPoint"",""coordinates"":[]}"
9_0_12,24.159716321170997,classification_1994,34,Glacier,"{""type"":""MultiPoint"",""coordinates"":[]}"
9_0_13,37.02107303521692,classification_1994,68,Other natural non-vegetated area,"{""type"":""MultiPoint"",""coordinates"":[]}"
10_0_0,7237.925671908273,classification_1995,3,Forest Formation,"{""type"":""MultiPoint"",""coordinates"":[]}"
10_0_1,72.86706908843973,classification_1995,9,Forest Plantation,"{""type"":""MultiPoint"",""coordinates"":[]}"
10_0_2,21.315618907470665,classification_1995,11,Wetland,"{""type"":""MultiPoint"",""coordinates"":[]}"
10_0_3,4327.211010117106,classification_1995,13,Other Non Forest Natural Formation,"{""type"":""MultiPoint"",""coordinates"":[]}"
10_0_4,10687.245498489665,classification_1995,21,Mosaic of Agriculture and Pasture,"{""type"":""MultiPoint"",""coordinates"":[]}"
10_0_5,26.521288849121046,classification_1995,23,Beach and Dune,"{""type"":""MultiPoint"",""coordinates"":[]}"
10_0_6,26.404938759948745,classification_1995,24,Urban Infrastructure,"{""type"":""MultiPoint"",""coordinates"":[]}"
10_0_7,435.6753040947283,classification_1995,25,Other Non Vegetated Area,"{""type"":""MultiPoint"",""coordinates"":[]}"
10_0_8,0.13316355407714847,classification_1995,27,Non Observed,"{""type"":""MultiPoint"",""coordinates"":[]}"
10_0_9,110.02877936839971,classification_1995,29,Rocky outcrop,"{""type"":""MultiPoint"",""coordinates"":[]}"
10_0_10,8.640822043151847,classification_1995,30,Mining,"{""type"":""MultiPoint"",""coordinates"":[]}"
10_0_11,104.0145544589045,classification_1995,33,"River, Lake and Ocean","{""type"":""MultiPoint"",""coordinates"":[]}"
10_0_12,24.159716321170997,classification_1995,34,Glacier,"{""type"":""MultiPoint"",""coordinates"":[]}"
10_0_13,30.214014728454895,classification_1995,68,Other natural non-vegetated area,"{""type"":""MultiPoint"",""coordinates"":[]}"
11_0_0,7241.483341332908,classification_1996,3,Forest Formation,"{""type"":""MultiPoint"",""coordinates"":[]}"
11_0_1,70.62967067694088,classification_1996,9,Forest Plantation,"{""type"":""MultiPoint"",""coordinates"":[]}"
11_0_2,20.698523350341794,classification_1996,11,Wetland,"{""type"":""MultiPoint"",""coordinates"":[]}"
11_0_3,8.874710083007812E-4,classification_1996,12,"Grassland (Pastizal, Formación Herbácea)","{""type"":""MultiPoint"",""coordinates"":[]}"
11_0_4,4293.866425527943,classification_1996,13,Other Non Forest Natural Formation,"{""type"":""MultiPoint"",""coordinates"":[]}"
11_0_5,10708.110627269434,classification_1996,21,Mosaic of Agriculture and Pasture,"{""type"":""MultiPoint"",""coordinates"":[]}"
11_0_6,24.15778293249505,classification_1996,23,Beach and Dune,"{""type"":""MultiPoint"",""coordinates"":[]}"
11_0_7,28.73169083831787,classification_1996,24,Urban Infrastructure,"{""type"":""MultiPoint"",""coordinates"":[]}"
11_0_8,440.56744969250667,classification_1996,25,Other Non Vegetated Area,"{""type"":""MultiPoint"",""coordinates"":[]}"
11_0_9,0.13316355407714847,classification_1996,27,Non Observed,"{""type"":""MultiPoint"",""coordinates"":[]}"
11_0_10,113.17059337566184,classification_1996,29,Rocky outcrop,"{""type"":""MultiPoint"",""coordinates"":[]}"
11_0_11,9.067848983947735,classification_1996,30,Mining,"{""type"":""MultiPoint"",""coordinates"":[]}"
11_0_12,103.6379185457271,classification_1996,33,"River, Lake and Ocean","{""type"":""MultiPoint"",""coordinates"":[]}"
11_0_13,23.800794037540804,classification_1996,34,Glacier,"{""type"":""MultiPoint"",""coordinates"":[]}"
11_0_14,34.30073309997524,classification_1996,68,Other natural non-vegetated area,"{""type"":""MultiPoint"",""coordinates"":[]}"
12_0_0,7171.037469123837,classification_1997,3,Forest Formation,"{""type"":""MultiPoint"",""coordinates"":[]}"
12_0_1,66.35827642041033,classification_1997,9,Forest Plantation,"{""type"":""MultiPoint"",""coordinates"":[]}"
12_0_2,20.618560131958002,classification_1997,11,Wetland,"{""type"":""MultiPoint"",""coordinates"":[]}"
12_0_3,8.874710083007812E-4,classification_1997,12,"Grassland (Pastizal, Formación Herbácea)","{""type"":""MultiPoint"",""coordinates"":[]}"
12_0_4,4325.451721234821,classification_1997,13,Other Non Forest Natural Formation,"{""type"":""MultiPoint"",""coordinates"":[]}"
12_0_5,10727.952931602129,classification_1997,21,Mosaic of Agriculture and Pasture,"{""type"":""MultiPoint"",""coordinates"":[]}"
12_0_6,21.52049555395505,classification_1997,23,Beach and Dune,"{""type"":""MultiPoint"",""coordinates"":[]}"
12_0_7,31.175497374023486,classification_1997,24,Urban Infrastructure,"{""type"":""MultiPoint"",""coordinates"":[]}"
12_0_8,462.3449882674551,classification_1997,25,Other Non Vegetated Area,"{""type"":""MultiPoint"",""coordinates"":[]}"
12_0_9,0.13316355407714847,classification_1997,27,Non Observed,"{""type"":""MultiPoint"",""coordinates"":[]}"
12_0_10,110.12550522581978,classification_1997,29,Rocky outcrop,"{""type"":""MultiPoint"",""coordinates"":[]}"
12_0_11,11.13605127746582,classification_1997,30,Mining,"{""type"":""MultiPoint"",""coordinates"":[]}"
12_0_12,102.99439531086409,classification_1997,33,"River, Lake and Ocean","{""type"":""MultiPoint"",""coordinates"":[]}"
12_0_13,23.453415260929525,classification_1997,34,Glacier,"{""type"":""MultiPoint"",""coordinates"":[]}"
12_0_14,38.054092880310336,classification_1997,68,Other natural non-vegetated area,"{""type"":""MultiPoint"",""coordinates"":[]}"
13_0_0,7186.230937742772,classification_1998,3,Forest Formation,"{""type"":""MultiPoint"",""coordinates"":[]}"
13_0_1,68.00535613220231,classification_1998,9,Forest Plantation,"{""type"":""MultiPoint"",""coordinates"":[]}"
13_0_2,21.11734572802732,classification_1998,11,Wetland,"{""type"":""MultiPoint"",""coordinates"":[]}"
13_0_3,4311.966512987572,classification_1998,13,Other Non Forest Natural Formation,"{""type"":""MultiPoint"",""coordinates"":[]}"
13_0_4,10708.773034530994,classification_1998,21,Mosaic of Agriculture and Pasture,"{""type"":""MultiPoint"",""coordinates"":[]}"
13_0_5,25.152369135833304,classification_1998,23,Beach and Dune,"{""type"":""MultiPoint"",""coordinates"":[]}"
13_0_6,33.29676909008789,classification_1998,24,Urban Infrastructure,"{""type"":""MultiPoint"",""coordinates"":[]}"
13_0_7,456.2901030672652,classification_1998,25,Other Non Vegetated Area,"{""type"":""MultiPoint"",""coordinates"":[]}"
13_0_8,0.13316355407714847,classification_1998,27,Non Observed,"{""type"":""MultiPoint"",""coordinates"":[]}"
13_0_9,119.62324833909507,classification_1998,29,Rocky outcrop,"{""type"":""MultiPoint"",""coordinates"":[]}"
13_0_10,12.207619361572267,classification_1998,30,Mining,"{""type"":""MultiPoint"",""coordinates"":[]}"
13_0_11,109.36721766645496,classification_1998,33,"River, Lake and Ocean","{""type"":""MultiPoint"",""coordinates"":[]}"
13_0_12,20.564149470095877,classification_1998,34,Glacier,"{""type"":""MultiPoint"",""coordinates"":[]}"
13_0_13,39.629623883117944,classification_1998,68,Other natural non-vegetated area,"{""type"":""MultiPoint"",""coordinates"":[]}"
14_0_0,7160.880709631753,classification_1999,3,Forest Formation,"{""type"":""MultiPoint"",""coordinates"":[]}"
14_0_1,77.54118684564209,classification_1999,9,Forest Plantation,"{""type"":""MultiPoint"",""coordinates"":[]}"
14_0_2,20.910251339477455,classification_1999,11,Wetland,"{""type"":""MultiPoint"",""coordinates"":[]}"
14_0_3,4248.189103091387,classification_1999,13,Other Non Forest Natural Formation,"{""type"":""MultiPoint"",""coordinates"":[]}"
14_0_4,10765.890049235317,classification_1999,21,Mosaic of Agriculture and Pasture,"{""type"":""MultiPoint"",""coordinates"":[]}"
14_0_5,26.615133607197738,classification_1999,23,Beach and Dune,"{""type"":""MultiPoint"",""coordinates"":[]}"
14_0_6,34.75519048645028,classification_1999,24,Urban Infrastructure,"{""type"":""MultiPoint"",""coordinates"":[]}"
14_0_7,466.7764163787274,classification_1999,25,Other Non Vegetated Area,"{""type"":""MultiPoint"",""coordinates"":[]}"
14_0_8,0.13316355407714847,classification_1999,27,Non Observed,"{""type"":""MultiPoint"",""coordinates"":[]}"
14_0_9,126.94411268516195,classification_1999,29,Rocky outcrop,"{""type"":""MultiPoint"",""coordinates"":[]}"
14_0_10,13.531840770324697,classification_1999,30,Mining,"{""type"":""MultiPoint"",""coordinates"":[]}"
14_0_11,109.44870431954112,classification_1999,33,"River, Lake and Ocean","{""type"":""MultiPoint"",""coordinates"":[]}"
14_0_12,20.270959988040214,classification_1999,34,Glacier,"{""type"":""MultiPoint"",""coordinates"":[]}"
14_0_13,40.4706287561647,classification_1999,68,Other natural non-vegetated area,"{""type"":""MultiPoint"",""coordinates"":[]}"
15_0_0,7085.238157368766,classification_2000,3,Forest Formation,"{""type"":""MultiPoint"",""coordinates"":[]}"
15_0_1,79.19236416082752,classification_2000,9,Forest Plantation,"{""type"":""MultiPoint"",""coordinates"":[]}"
15_0_2,22.721363645263715,classification_2000,11,Wetland,"{""type"":""MultiPoint"",""coordinates"":[]}"
15_0_3,4264.913739153376,classification_2000,13,Other Non Forest Natural Formation,"{""type"":""MultiPoint"",""coordinates"":[]}"
15_0_4,10819.652693126845,classification_2000,21,Mosaic of Agriculture and Pasture,"{""type"":""MultiPoint"",""coordinates"":[]}"
15_0_5,26.59665714538557,classification_2000,23,Beach and Dune,"{""type"":""MultiPoint"",""coordinates"":[]}"
15_0_6,43.860554579528696,classification_2000,24,Urban Infrastructure,"{""type"":""MultiPoint"",""coordinates"":[]}"
15_0_7,451.46125178363064,classification_2000,25,Other Non Vegetated Area,"{""type"":""MultiPoint"",""coordinates"":[]}"
15_0_8,0.13316355407714847,classification_2000,27,Non Observed,"{""type"":""MultiPoint"",""coordinates"":[]}"
15_0_9,128.21924954331533,classification_2000,29,Rocky outcrop,"{""type"":""MultiPoint"",""coordinates"":[]}"
15_0_10,14.142844159606915,classification_2000,30,Mining,"{""type"":""MultiPoint"",""coordinates"":[]}"
15_0_11,114.35565624490513,classification_2000,33,"River, Lake and Ocean","{""type"":""MultiPoint"",""coordinates"":[]}"
15_0_12,19.91558574127494,classification_2000,34,Glacier,"{""type"":""MultiPoint"",""coordinates"":[]}"
15_0_13,41.954170482421944,classification_2000,68,Other natural non-vegetated area,"{""type"":""MultiPoint"",""coordinates"":[]}"
16_0_0,7086.7013186129525,classification_2001,3,Forest Formation,"{""type"":""MultiPoint"",""coordinates"":[]}"
16_0_1,80.08204500689679,classification_2001,9,Forest Plantation,"{""type"":""MultiPoint"",""coordinates"":[]}"
16_0_2,25.064330147277886,classification_2001,11,Wetland,"{""type"":""MultiPoint"",""coordinates"":[]}"
16_0_3,4263.389223899422,classification_2001,13,Other Non Forest Natural Formation,"{""type"":""MultiPoint"",""coordinates"":[]}"
16_0_4,10826.899346675527,classification_2001,21,Mosaic of Agriculture and Pasture,"{""type"":""MultiPoint"",""coordinates"":[]}"
16_0_5,27.134711801574575,classification_2001,23,Beach and Dune,"{""type"":""MultiPoint"",""coordinates"":[]}"
16_0_6,45.15777311267082,classification_2001,24,Urban Infrastructure,"{""type"":""MultiPoint"",""coordinates"":[]}"
16_0_7,441.566035456847,classification_2001,25,Other Non Vegetated Area,"{""type"":""MultiPoint"",""coordinates"":[]}"
16_0_8,0.13316355407714847,classification_2001,27,Non Observed,"{""type"":""MultiPoint"",""coordinates"":[]}"
16_0_9,125.72072037101277,classification_2001,29,Rocky outcrop,"{""type"":""MultiPoint"",""coordinates"":[]}"
16_0_10,14.610768954650883,classification_2001,30,Mining,"{""type"":""MultiPoint"",""coordinates"":[]}"
16_0_11,112.98170892196798,classification_2001,33,"River, Lake and Ocean","{""type"":""MultiPoint"",""coordinates"":[]}"
16_0_12,19.706800174563572,classification_2001,34,Glacier,"{""type"":""MultiPoint"",""coordinates"":[]}"
16_0_13,43.209503999755995,classification_2001,68,Other natural non-vegetated area,"{""type"":""MultiPoint"",""coordinates"":[]}"
17_0_0,7160.8674435926,classification_2002,3,Forest Formation,"{""type"":""MultiPoint"",""coordinates"":[]}"
17_0_1,83.24243934692358,classification_2002,9,Forest Plantation,"{""type"":""MultiPoint"",""coordinates"":[]}"
17_0_2,25.74704190295414,classification_2002,11,Wetland,"{""type"":""MultiPoint"",""coordinates"":[]}"
17_0_3,4232.111893279057,classification_2002,13,Other Non Forest Natural Formation,"{""type"":""MultiPoint"",""coordinates"":[]}"
17_0_4,10778.999062025165,classification_2002,21,Mosaic of Agriculture and Pasture,"{""type"":""MultiPoint"",""coordinates"":[]}"
17_0_5,30.224575797149154,classification_2002,23,Beach and Dune,"{""type"":""MultiPoint"",""coordinates"":[]}"
17_0_6,46.14536368383776,classification_2002,24,Urban Infrastructure,"{""type"":""MultiPoint"",""coordinates"":[]}"
17_0_7,436.2943383770071,classification_2002,25,Other Non Vegetated Area,"{""type"":""MultiPoint"",""coordinates"":[]}"
17_0_8,0.13316355407714847,classification_2002,27,Non Observed,"{""type"":""MultiPoint"",""coordinates"":[]}"
17_0_9,127.60406131553128,classification_2002,29,Rocky outcrop,"{""type"":""MultiPoint"",""coordinates"":[]}"
17_0_10,15.051905607910173,classification_2002,30,Mining,"{""type"":""MultiPoint"",""coordinates"":[]}"
17_0_11,112.87285409223603,classification_2002,33,"River, Lake and Ocean","{""type"":""MultiPoint"",""coordinates"":[]}"
17_0_12,19.357639345278976,classification_2002,34,Glacier,"{""type"":""MultiPoint"",""coordinates"":[]}"
17_0_13,43.705668769165385,classification_2002,68,Other natural non-vegetated area,"{""type"":""MultiPoint"",""coordinates"":[]}"
18_0_0,7181.688528427753,classification_2003,3,Forest Formation,"{""type"":""MultiPoint"",""coordinates"":[]}"
18_0_1,85.49395117083705,classification_2003,9,Forest Plantation,"{""type"":""MultiPoint"",""coordinates"":[]}"
18_0_2,23.532190309448296,classification_2003,11,Wetland,"{""type"":""MultiPoint"",""coordinates"":[]}"
18_0_3,4206.672862081226,classification_2003,13,Other Non Forest Natural Formation,"{""type"":""MultiPoint"",""coordinates"":[]}"
18_0_4,10803.138630978849,classification_2003,21,Mosaic of Agriculture and Pasture,"{""type"":""MultiPoint"",""coordinates"":[]}"
18_0_5,28.91096974726333,classification_2003,23,Beach and Dune,"{""type"":""MultiPoint"",""coordinates"":[]}"
18_0_6,48.786281359069484,classification_2003,24,Urban Infrastructure,"{""type"":""MultiPoint"",""coordinates"":[]}"
18_0_7,416.1242954564752,classification_2003,25,Other Non Vegetated Area,"{""type"":""MultiPoint"",""coordinates"":[]}"
18_0_8,0.13316355407714847,classification_2003,27,Non Observed,"{""type"":""MultiPoint"",""coordinates"":[]}"
18_0_9,131.06669206601845,classification_2003,29,Rocky outcrop,"{""type"":""MultiPoint"",""coordinates"":[]}"
18_0_10,15.319654228576681,classification_2003,30,Mining,"{""type"":""MultiPoint"",""coordinates"":[]}"
18_0_11,111.1914955612502,classification_2003,33,"River, Lake and Ocean","{""type"":""MultiPoint"",""coordinates"":[]}"
18_0_12,18.877875802310157,classification_2003,34,Glacier,"{""type"":""MultiPoint"",""coordinates"":[]}"
18_0_13,41.42085994592315,classification_2003,68,Other natural non-vegetated area,"{""type"":""MultiPoint"",""coordinates"":[]}"
19_0_0,7191.724684322893,classification_2004,3,Forest Formation,"{""type"":""MultiPoint"",""coordinates"":[]}"
19_0_1,89.65744726715029,classification_2004,9,Forest Plantation,"{""type"":""MultiPoint"",""coordinates"":[]}"
19_0_2,22.08726011535643,classification_2004,11,Wetland,"{""type"":""MultiPoint"",""coordinates"":[]}"
19_0_3,4180.5975593971425,classification_2004,13,Other Non Forest Natural Formation,"{""type"":""MultiPoint"",""coordinates"":[]}"
19_0_4,10842.796451022159,classification_2004,21,Mosaic of Agriculture and Pasture,"{""type"":""MultiPoint"",""coordinates"":[]}"
19_0_5,26.57177405798333,classification_2004,23,Beach and Dune,"{""type"":""MultiPoint"",""coordinates"":[]}"
19_0_6,49.87796469232147,classification_2004,24,Urban Infrastructure,"{""type"":""MultiPoint"",""coordinates"":[]}"
19_0_7,389.6983984081298,classification_2004,25,Other Non Vegetated Area,"{""type"":""MultiPoint"",""coordinates"":[]}"
19_0_8,0.13316355407714847,classification_2004,27,Non Observed,"{""type"":""MultiPoint"",""coordinates"":[]}"
19_0_9,132.59558188541465,classification_2004,29,Rocky outcrop,"{""type"":""MultiPoint"",""coordinates"":[]}"
19_0_10,14.864339930297874,classification_2004,30,Mining,"{""type"":""MultiPoint"",""coordinates"":[]}"
19_0_11,113.69775683744464,classification_2004,33,"River, Lake and Ocean","{""type"":""MultiPoint"",""coordinates"":[]}"
19_0_12,18.471841794314415,classification_2004,34,Glacier,"{""type"":""MultiPoint"",""coordinates"":[]}"
19_0_13,39.583227404357764,classification_2004,68,Other natural non-vegetated area,"{""type"":""MultiPoint"",""coordinates"":[]}"
20_0_0,7159.846866222377,classification_2005,3,Forest Formation,"{""type"":""MultiPoint"",""coordinates"":[]}"
20_0_1,88.0894460106809,classification_2005,9,Forest Plantation,"{""type"":""MultiPoint"",""coordinates"":[]}"
20_0_2,21.007984549133226,classification_2005,11,Wetland,"{""type"":""MultiPoint"",""coordinates"":[]}"
20_0_3,4172.00639798936,classification_2005,13,Other Non Forest Natural Formation,"{""type"":""MultiPoint"",""coordinates"":[]}"
20_0_4,10892.817807792237,classification_2005,21,Mosaic of Agriculture and Pasture,"{""type"":""MultiPoint"",""coordinates"":[]}"
20_0_5,26.385642775512608,classification_2005,23,Beach and Dune,"{""type"":""MultiPoint"",""coordinates"":[]}"
20_0_6,50.80407764685029,classification_2005,24,Urban Infrastructure,"{""type"":""MultiPoint"",""coordinates"":[]}"
20_0_7,382.5032954554946,classification_2005,25,Other Non Vegetated Area,"{""type"":""MultiPoint"",""coordinates"":[]}"
20_0_8,0.13316355407714847,classification_2005,27,Non Observed,"{""type"":""MultiPoint"",""coordinates"":[]}"
20_0_9,131.3589731362099,classification_2005,29,Rocky outcrop,"{""type"":""MultiPoint"",""coordinates"":[]}"
20_0_10,13.921379364379915,classification_2005,30,Mining,"{""type"":""MultiPoint"",""coordinates"":[]}"
20_0_11,115.36345825181277,classification_2005,33,"River, Lake and Ocean","{""type"":""MultiPoint"",""coordinates"":[]}"
20_0_12,17.873916871401377,classification_2005,34,Glacier,"{""type"":""MultiPoint"",""coordinates"":[]}"
20_0_13,40.24504106958026,classification_2005,68,Other natural non-vegetated area,"{""type"":""MultiPoint"",""coordinates"":[]}"
21_0_0,7128.05061467757,classification_2006,3,Forest Formation,"{""type"":""MultiPoint"",""coordinates"":[]}"
21_0_1,91.64182832153283,classification_2006,9,Forest Plantation,"{""type"":""MultiPoint"",""coordinates"":[]}"
21_0_2,21.442778546996987,classification_2006,11,Wetland,"{""type"":""MultiPoint"",""coordinates"":[]}"
21_0_3,4181.498907177484,classification_2006,13,Other Non Forest Natural Formation,"{""type"":""MultiPoint"",""coordinates"":[]}"
21_0_4,10914.244853574011,classification_2006,21,Mosaic of Agriculture and Pasture,"{""type"":""MultiPoint"",""coordinates"":[]}"
21_0_5,26.959011172688452,classification_2006,23,Beach and Dune,"{""type"":""MultiPoint"",""coordinates"":[]}"
21_0_6,51.52831115655484,classification_2006,24,Urban Infrastructure,"{""type"":""MultiPoint"",""coordinates"":[]}"
21_0_7,376.8233367000031,classification_2006,25,Other Non Vegetated Area,"{""type"":""MultiPoint"",""coordinates"":[]}"
21_0_8,0.13316355407714847,classification_2006,27,Non Observed,"{""type"":""MultiPoint"",""coordinates"":[]}"
21_0_9,131.6824264695223,classification_2006,29,Rocky outcrop,"{""type"":""MultiPoint"",""coordinates"":[]}"
21_0_10,14.833972395568878,classification_2006,30,Mining,"{""type"":""MultiPoint"",""coordinates"":[]}"
21_0_11,115.41570449629909,classification_2006,33,"River, Lake and Ocean","{""type"":""MultiPoint"",""coordinates"":[]}"
21_0_12,17.443899236757208,classification_2006,34,Glacier,"{""type"":""MultiPoint"",""coordinates"":[]}"
21_0_13,40.6586432100221,classification_2006,68,Other natural non-vegetated area,"{""type"":""MultiPoint"",""coordinates"":[]}"
22_0_0,7169.113337786484,classification_2007,3,Forest Formation,"{""type"":""MultiPoint"",""coordinates"":[]}"
22_0_1,95.33643084820494,classification_2007,9,Forest Plantation,"{""type"":""MultiPoint"",""coordinates"":[]}"
22_0_2,22.42349770062246,classification_2007,11,Wetland,"{""type"":""MultiPoint"",""coordinates"":[]}"
22_0_3,4135.336160065811,classification_2007,13,Other Non Forest Natural Formation,"{""type"":""MultiPoint"",""coordinates"":[]}"
22_0_4,10938.258989221758,classification_2007,21,Mosaic of Agriculture and Pasture,"{""type"":""MultiPoint"",""coordinates"":[]}"
22_0_5,27.962001388691892,classification_2007,23,Beach and Dune,"{""type"":""MultiPoint"",""coordinates"":[]}"
22_0_6,52.37617155041473,classification_2007,24,Urban Infrastructure,"{""type"":""MultiPoint"",""coordinates"":[]}"
22_0_7,352.8683597368661,classification_2007,25,Other Non Vegetated Area,"{""type"":""MultiPoint"",""coordinates"":[]}"
22_0_8,0.13316355407714847,classification_2007,27,Non Observed,"{""type"":""MultiPoint"",""coordinates"":[]}"
22_0_9,131.54857157395253,classification_2007,29,Rocky outcrop,"{""type"":""MultiPoint"",""coordinates"":[]}"
22_0_10,14.63206298266602,classification_2007,30,Mining,"{""type"":""MultiPoint"",""coordinates"":[]}"
22_0_11,114.84174309364977,classification_2007,33,"River, Lake and Ocean","{""type"":""MultiPoint"",""coordinates"":[]}"
22_0_12,17.24488597894449,classification_2007,34,Glacier,"{""type"":""MultiPoint"",""coordinates"":[]}"
22_0_13,40.28207520709234,classification_2007,68,Other natural non-vegetated area,"{""type"":""MultiPoint"",""coordinates"":[]}"
23_0_0,7151.021343805027,classification_2008,3,Forest Formation,"{""type"":""MultiPoint"",""coordinates"":[]}"
23_0_1,96.24877096917648,classification_2008,9,Forest Plantation,"{""type"":""MultiPoint"",""coordinates"":[]}"
23_0_2,23.710332906555156,classification_2008,11,Wetland,"{""type"":""MultiPoint"",""coordinates"":[]}"
23_0_3,4100.970336355619,classification_2008,13,Other Non Forest Natural Formation,"{""type"":""MultiPoint"",""coordinates"":[]}"
23_0_4,10993.901275602102,classification_2008,21,Mosaic of Agriculture and Pasture,"{""type"":""MultiPoint"",""coordinates"":[]}"
23_0_5,27.155868645690784,classification_2008,23,Beach and Dune,"{""type"":""MultiPoint"",""coordinates"":[]}"
23_0_6,53.226692389098666,classification_2008,24,Urban Infrastructure,"{""type"":""MultiPoint"",""coordinates"":[]}"
23_0_7,345.2134465423483,classification_2008,25,Other Non Vegetated Area,"{""type"":""MultiPoint"",""coordinates"":[]}"
23_0_8,0.13316355407714847,classification_2008,27,Non Observed,"{""type"":""MultiPoint"",""coordinates"":[]}"
23_0_9,134.38663480972969,classification_2008,29,Rocky outcrop,"{""type"":""MultiPoint"",""coordinates"":[]}"
23_0_10,15.054634866088907,classification_2008,30,Mining,"{""type"":""MultiPoint"",""coordinates"":[]}"
23_0_11,115.42273908829871,classification_2008,33,"River, Lake and Ocean","{""type"":""MultiPoint"",""coordinates"":[]}"
23_0_12,17.084072466554012,classification_2008,34,Glacier,"{""type"":""MultiPoint"",""coordinates"":[]}"
23_0_13,38.82813868908697,classification_2008,68,Other natural non-vegetated area,"{""type"":""MultiPoint"",""coordinates"":[]}"
24_0_0,7151.541352785628,classification_2009,3,Forest Formation,"{""type"":""MultiPoint"",""coordinates"":[]}"
24_0_1,96.04532928674263,classification_2009,9,Forest Plantation,"{""type"":""MultiPoint"",""coordinates"":[]}"
24_0_2,25.148459464111358,classification_2009,11,Wetland,"{""type"":""MultiPoint"",""coordinates"":[]}"
24_0_3,4115.673551034887,classification_2009,13,Other Non Forest Natural Formation,"{""type"":""MultiPoint"",""coordinates"":[]}"
24_0_4,10982.075977582175,classification_2009,21,Mosaic of Agriculture and Pasture,"{""type"":""MultiPoint"",""coordinates"":[]}"
24_0_5,25.173101970764098,classification_2009,23,Beach and Dune,"{""type"":""MultiPoint"",""coordinates"":[]}"
24_0_6,53.98821408569289,classification_2009,24,Urban Infrastructure,"{""type"":""MultiPoint"",""coordinates"":[]}"
24_0_7,342.01378597514696,classification_2009,25,Other Non Vegetated Area,"{""type"":""MultiPoint"",""coordinates"":[]}"
24_0_8,0.13316355407714847,classification_2009,27,Non Observed,"{""type"":""MultiPoint"",""coordinates"":[]}"
24_0_9,130.00344374814722,classification_2009,29,Rocky outcrop,"{""type"":""MultiPoint"",""coordinates"":[]}"
24_0_10,15.479068946411196,classification_2009,30,Mining,"{""type"":""MultiPoint"",""coordinates"":[]}"
24_0_11,118.61100259201194,classification_2009,33,"River, Lake and Ocean","{""type"":""MultiPoint"",""coordinates"":[]}"
24_0_12,16.83085465686114,classification_2009,34,Glacier,"{""type"":""MultiPoint"",""coordinates"":[]}"
24_0_13,39.640145006531064,classification_2009,68,Other natural non-vegetated area,"{""type"":""MultiPoint"",""coordinates"":[]}"
25_0_0,7126.10089107048,classification_2010,3,Forest Formation,"{""type"":""MultiPoint"",""coordinates"":[]}"
25_0_1,96.1447916517329,classification_2010,9,Forest Plantation,"{""type"":""MultiPoint"",""coordinates"":[]}"
25_0_2,24.95539791986083,classification_2010,11,Wetland,"{""type"":""MultiPoint"",""coordinates"":[]}"
25_0_3,4123.664096788365,classification_2010,13,Other Non Forest Natural Formation,"{""type"":""MultiPoint"",""coordinates"":[]}"
25_0_4,11005.88674473514,classification_2010,21,Mosaic of Agriculture and Pasture,"{""type"":""MultiPoint"",""coordinates"":[]}"
25_0_5,26.749937575805593,classification_2010,23,Beach and Dune,"{""type"":""MultiPoint"",""coordinates"":[]}"
25_0_6,56.232198591247126,classification_2010,24,Urban Infrastructure,"{""type"":""MultiPoint"",""coordinates"":[]}"
25_0_7,333.5064141725948,classification_2010,25,Other Non Vegetated Area,"{""type"":""MultiPoint"",""coordinates"":[]}"
25_0_8,0.13316355407714847,classification_2010,27,Non Observed,"{""type"":""MultiPoint"",""coordinates"":[]}"
25_0_9,127.2761428731479,classification_2010,29,Rocky outcrop,"{""type"":""MultiPoint"",""coordinates"":[]}"
25_0_10,16.98486384881601,classification_2010,30,Mining,"{""type"":""MultiPoint"",""coordinates"":[]}"
25_0_11,119.37206221085765,classification_2010,33,"River, Lake and Ocean","{""type"":""MultiPoint"",""coordinates"":[]}"
25_0_12,16.45148462860111,classification_2010,34,Glacier,"{""type"":""MultiPoint"",""coordinates"":[]}"
25_0_13,38.89926106835969,classification_2010,68,Other natural non-vegetated area,"{""type"":""MultiPoint"",""coordinates"":[]}"
26_0_0,7071.18849325029,classification_2011,3,Forest Formation,"{""type"":""MultiPoint"",""coordinates"":[]}"
26_0_1,99.41292063372785,classification_2011,9,Forest Plantation,"{""type"":""MultiPoint"",""coordinates"":[]}"
26_0_2,24.828921281799342,classification_2011,11,Wetland,"{""type"":""MultiPoint"",""coordinates"":[]}"
26_0_3,4134.557568825311,classification_2011,13,Other Non Forest Natural Formation,"{""type"":""MultiPoint"",""coordinates"":[]}"
26_0_4,11035.24161194311,classification_2011,21,Mosaic of Agriculture and Pasture,"{""type"":""MultiPoint"",""coordinates"":[]}"
26_0_5,31.05173582977287,classification_2011,23,Beach and Dune,"{""type"":""MultiPoint"",""coordinates"":[]}"
26_0_6,57.73053830865445,classification_2011,24,Urban Infrastructure,"{""type"":""MultiPoint"",""coordinates"":[]}"
26_0_7,330.84339423174004,classification_2011,25,Other Non Vegetated Area,"{""type"":""MultiPoint"",""coordinates"":[]}"
26_0_8,0.13316355407714847,classification_2011,27,Non Observed,"{""type"":""MultiPoint"",""coordinates"":[]}"
26_0_9,131.94522007474512,classification_2011,29,Rocky outcrop,"{""type"":""MultiPoint"",""coordinates"":[]}"
26_0_10,17.356809985229543,classification_2011,30,Mining,"{""type"":""MultiPoint"",""coordinates"":[]}"
26_0_11,121.20686777305241,classification_2011,33,"River, Lake and Ocean","{""type"":""MultiPoint"",""coordinates"":[]}"
26_0_12,16.425718215454108,classification_2011,34,Glacier,"{""type"":""MultiPoint"",""coordinates"":[]}"
26_0_13,40.43448678228766,classification_2011,68,Other natural non-vegetated area,"{""type"":""MultiPoint"",""coordinates"":[]}"
27_0_0,7026.449115466817,classification_2012,3,Forest Formation,"{""type"":""MultiPoint"",""coordinates"":[]}"
27_0_1,97.8618667668453,classification_2012,9,Forest Plantation,"{""type"":""MultiPoint"",""coordinates"":[]}"
27_0_2,23.18542694317635,classification_2012,11,Wetland,"{""type"":""MultiPoint"",""coordinates"":[]}"
27_0_3,4167.054532473607,classification_2012,13,Other Non Forest Natural Formation,"{""type"":""MultiPoint"",""coordinates"":[]}"
27_0_4,11030.770282004318,classification_2012,21,Mosaic of Agriculture and Pasture,"{""type"":""MultiPoint"",""coordinates"":[]}"
27_0_5,35.04324561366753,classification_2012,23,Beach and Dune,"{""type"":""MultiPoint"",""coordinates"":[]}"
27_0_6,59.1283020958249,classification_2012,24,Urban Infrastructure,"{""type"":""MultiPoint"",""coordinates"":[]}"
27_0_7,340.07960716490663,classification_2012,25,Other Non Vegetated Area,"{""type"":""MultiPoint"",""coordinates"":[]}"
27_0_8,0.13316355407714847,classification_2012,27,Non Observed,"{""type"":""MultiPoint"",""coordinates"":[]}"
27_0_9,133.3594180622327,classification_2012,29,Rocky outcrop,"{""type"":""MultiPoint"",""coordinates"":[]}"
27_0_10,18.502568578674378,classification_2012,30,Mining,"{""type"":""MultiPoint"",""coordinates"":[]}"
27_0_11,122.06105503774202,classification_2012,33,"River, Lake and Ocean","{""type"":""MultiPoint"",""coordinates"":[]}"
27_0_12,16.392846217529225,classification_2012,34,Glacier,"{""type"":""MultiPoint"",""coordinates"":[]}"
27_0_13,42.33602070965596,classification_2012,68,Other natural non-vegetated area,"{""type"":""MultiPoint"",""coordinates"":[]}"
28_0_0,7027.20496252987,classification_2013,3,Forest Formation,"{""type"":""MultiPoint"",""coordinates"":[]}"
28_0_1,96.25202595623755,classification_2013,9,Forest Plantation,"{""type"":""MultiPoint"",""coordinates"":[]}"
28_0_2,22.57999865344245,classification_2013,11,Wetland,"{""type"":""MultiPoint"",""coordinates"":[]}"
28_0_3,4196.033804471552,classification_2013,13,Other Non Forest Natural Formation,"{""type"":""MultiPoint"",""coordinates"":[]}"
28_0_4,10992.673330442516,classification_2013,21,Mosaic of Agriculture and Pasture,"{""type"":""MultiPoint"",""coordinates"":[]}"
28_0_5,33.8941702810058,classification_2013,23,Beach and Dune,"{""type"":""MultiPoint"",""coordinates"":[]}"
28_0_6,60.4005762268674,classification_2013,24,Urban Infrastructure,"{""type"":""MultiPoint"",""coordinates"":[]}"
28_0_7,355.21254518376765,classification_2013,25,Other Non Vegetated Area,"{""type"":""MultiPoint"",""coordinates"":[]}"
28_0_8,0.13316355407714847,classification_2013,27,Non Observed,"{""type"":""MultiPoint"",""coordinates"":[]}"
28_0_9,129.5111886176559,classification_2013,29,Rocky outcrop,"{""type"":""MultiPoint"",""coordinates"":[]}"
28_0_10,19.587752343017616,classification_2013,30,Mining,"{""type"":""MultiPoint"",""coordinates"":[]}"
28_0_11,120.58736248111158,classification_2013,33,"River, Lake and Ocean","{""type"":""MultiPoint"",""coordinates"":[]}"
28_0_12,16.241814666137355,classification_2013,34,Glacier,"{""type"":""MultiPoint"",""coordinates"":[]}"
28_0_13,42.04475528167713,classification_2013,68,Other natural non-vegetated area,"{""type"":""MultiPoint"",""coordinates"":[]}"
29_0_0,7034.146757266326,classification_2014,3,Forest Formation,"{""type"":""MultiPoint"",""coordinates"":[]}"
29_0_1,94.06685244287166,classification_2014,9,Forest Plantation,"{""type"":""MultiPoint"",""coordinates"":[]}"
29_0_2,22.57094690356453,classification_2014,11,Wetland,"{""type"":""MultiPoint"",""coordinates"":[]}"
29_0_3,4195.815810311473,classification_2014,13,Other Non Forest Natural Formation,"{""type"":""MultiPoint"",""coordinates"":[]}"
29_0_4,10974.656818653672,classification_2014,21,Mosaic of Agriculture and Pasture,"{""type"":""MultiPoint"",""coordinates"":[]}"
29_0_5,30.59712770306389,classification_2014,23,Beach and Dune,"{""type"":""MultiPoint"",""coordinates"":[]}"
29_0_6,61.39446805212379,classification_2014,24,Urban Infrastructure,"{""type"":""MultiPoint"",""coordinates"":[]}"
29_0_7,363.3338731696689,classification_2014,25,Other Non Vegetated Area,"{""type"":""MultiPoint"",""coordinates"":[]}"
29_0_8,0.13316355407714847,classification_2014,27,Non Observed,"{""type"":""MultiPoint"",""coordinates"":[]}"
29_0_9,134.43071237448987,classification_2014,29,Rocky outcrop,"{""type"":""MultiPoint"",""coordinates"":[]}"
29_0_10,20.612702214843853,classification_2014,30,Mining,"{""type"":""MultiPoint"",""coordinates"":[]}"
29_0_11,121.51735135891926,classification_2014,33,"River, Lake and Ocean","{""type"":""MultiPoint"",""coordinates"":[]}"
29_0_12,16.171628813781286,classification_2014,34,Glacier,"{""type"":""MultiPoint"",""coordinates"":[]}"
29_0_13,42.90923787011707,classification_2014,68,Other natural non-vegetated area,"{""type"":""MultiPoint"",""coordinates"":[]}"
30_0_0,7025.779543190741,classification_2015,3,Forest Formation,"{""type"":""MultiPoint"",""coordinates"":[]}"
30_0_1,92.38399740136737,classification_2015,9,Forest Plantation,"{""type"":""MultiPoint"",""coordinates"":[]}"
30_0_2,23.84400435937512,classification_2015,11,Wetland,"{""type"":""MultiPoint"",""coordinates"":[]}"
30_0_3,4219.539505370346,classification_2015,13,Other Non Forest Natural Formation,"{""type"":""MultiPoint"",""coordinates"":[]}"
30_0_4,10935.217500597453,classification_2015,21,Mosaic of Agriculture and Pasture,"{""type"":""MultiPoint"",""coordinates"":[]}"
30_0_5,34.80492330053705,classification_2015,23,Beach and Dune,"{""type"":""MultiPoint"",""coordinates"":[]}"
30_0_6,63.18826241992137,classification_2015,24,Urban Infrastructure,"{""type"":""MultiPoint"",""coordinates"":[]}"
30_0_7,380.6540344625748,classification_2015,25,Other Non Vegetated Area,"{""type"":""MultiPoint"",""coordinates"":[]}"
30_0_8,0.13316355407714847,classification_2015,27,Non Observed,"{""type"":""MultiPoint"",""coordinates"":[]}"
30_0_9,137.1259810115153,classification_2015,29,Rocky outcrop,"{""type"":""MultiPoint"",""coordinates"":[]}"
30_0_10,21.639407287841898,classification_2015,30,Mining,"{""type"":""MultiPoint"",""coordinates"":[]}"
30_0_11,117.59925296738884,classification_2015,33,"River, Lake and Ocean","{""type"":""MultiPoint"",""coordinates"":[]}"
30_0_12,15.932633698729733,classification_2015,34,Glacier,"{""type"":""MultiPoint"",""coordinates"":[]}"
30_0_13,44.51524106701574,classification_2015,68,Other natural non-vegetated area,"{""type"":""MultiPoint"",""coordinates"":[]}"
31_0_0,7052.824447278277,classification_2016,3,Forest Formation,"{""type"":""MultiPoint"",""coordinates"":[]}"
31_0_1,95.84330393481443,classification_2016,9,Forest Plantation,"{""type"":""MultiPoint"",""coordinates"":[]}"
31_0_2,24.395462534851156,classification_2016,11,Wetland,"{""type"":""MultiPoint"",""coordinates"":[]}"
31_0_3,4182.865253497221,classification_2016,13,Other Non Forest Natural Formation,"{""type"":""MultiPoint"",""coordinates"":[]}"
31_0_4,10949.246087984182,classification_2016,21,Mosaic of Agriculture and Pasture,"{""type"":""MultiPoint"",""coordinates"":[]}"
31_0_5,34.77774664424589,classification_2016,23,Beach and Dune,"{""type"":""MultiPoint"",""coordinates"":[]}"
31_0_6,64.55226426538029,classification_2016,24,Urban Infrastructure,"{""type"":""MultiPoint"",""coordinates"":[]}"
31_0_7,368.2522495253803,classification_2016,25,Other Non Vegetated Area,"{""type"":""MultiPoint"",""coordinates"":[]}"
31_0_8,0.13316355407714847,classification_2016,27,Non Observed,"{""type"":""MultiPoint"",""coordinates"":[]}"
31_0_9,140.48572802689523,classification_2016,29,Rocky outcrop,"{""type"":""MultiPoint"",""coordinates"":[]}"
31_0_10,22.511127924316487,classification_2016,30,Mining,"{""type"":""MultiPoint"",""coordinates"":[]}"
31_0_11,116.5576994546123,classification_2016,33,"River, Lake and Ocean","{""type"":""MultiPoint"",""coordinates"":[]}"
31_0_12,15.675860548644431,classification_2016,34,Glacier,"{""type"":""MultiPoint"",""coordinates"":[]}"
31_0_13,44.23705551623462,classification_2016,68,Other natural non-vegetated area,"{""type"":""MultiPoint"",""coordinates"":[]}"
32_0_0,7097.734572221978,classification_2017,3,Forest Formation,"{""type"":""MultiPoint"",""coordinates"":[]}"
32_0_1,101.31686542712411,classification_2017,9,Forest Plantation,"{""type"":""MultiPoint"",""coordinates"":[]}"
32_0_2,24.425655313110422,classification_2017,11,Wetland,"{""type"":""MultiPoint"",""coordinates"":[]}"
32_0_3,4149.288927961003,classification_2017,13,Other Non Forest Natural Formation,"{""type"":""MultiPoint"",""coordinates"":[]}"
32_0_4,10943.277899723127,classification_2017,21,Mosaic of Agriculture and Pasture,"{""type"":""MultiPoint"",""coordinates"":[]}"
32_0_5,33.97119434374993,classification_2017,23,Beach and Dune,"{""type"":""MultiPoint"",""coordinates"":[]}"
32_0_6,65.46068176989688,classification_2017,24,Urban Infrastructure,"{""type"":""MultiPoint"",""coordinates"":[]}"
32_0_7,355.4493707559136,classification_2017,25,Other Non Vegetated Area,"{""type"":""MultiPoint"",""coordinates"":[]}"
32_0_8,0.13316355407714847,classification_2017,27,Non Observed,"{""type"":""MultiPoint"",""coordinates"":[]}"
32_0_9,140.45102637217082,classification_2017,29,Rocky outcrop,"{""type"":""MultiPoint"",""coordinates"":[]}"
32_0_10,22.190884354248148,classification_2017,30,Mining,"{""type"":""MultiPoint"",""coordinates"":[]}"
32_0_11,119.6979957586488,classification_2017,33,"River, Lake and Ocean","{""type"":""MultiPoint"",""coordinates"":[]}"
32_0_12,15.61632929406681,classification_2017,34,Glacier,"{""type"":""MultiPoint"",""coordinates"":[]}"
32_0_13,43.34288384002682,classification_2017,68,Other natural non-vegetated area,"{""type"":""MultiPoint"",""coordinates"":[]}"
33_0_0,7153.386349067692,classification_2018,3,Forest Formation,"{""type"":""MultiPoint"",""coordinates"":[]}"
33_0_1,102.68231056079115,classification_2018,9,Forest Plantation,"{""type"":""MultiPoint"",""coordinates"":[]}"
33_0_2,28.657107748840357,classification_2018,11,Wetland,"{""type"":""MultiPoint"",""coordinates"":[]}"
33_0_3,4141.180214662086,classification_2018,13,Other Non Forest Natural Formation,"{""type"":""MultiPoint"",""coordinates"":[]}"
33_0_4,10905.602757527713,classification_2018,21,Mosaic of Agriculture and Pasture,"{""type"":""MultiPoint"",""coordinates"":[]}"
33_0_5,38.18588726851364,classification_2018,23,Beach and Dune,"{""type"":""MultiPoint"",""coordinates"":[]}"
33_0_6,66.91542403167665,classification_2018,24,Urban Infrastructure,"{""type"":""MultiPoint"",""coordinates"":[]}"
33_0_7,340.76722572136737,classification_2018,25,Other Non Vegetated Area,"{""type"":""MultiPoint"",""coordinates"":[]}"
33_0_8,0.13316355407714847,classification_2018,27,Non Observed,"{""type"":""MultiPoint"",""coordinates"":[]}"
33_0_9,137.970785972149,classification_2018,29,Rocky outcrop,"{""type"":""MultiPoint"",""coordinates"":[]}"
33_0_10,21.852854436950764,classification_2018,30,Mining,"{""type"":""MultiPoint"",""coordinates"":[]}"
33_0_11,116.75240675295238,classification_2018,33,"River, Lake and Ocean","{""type"":""MultiPoint"",""coordinates"":[]}"
33_0_12,15.525704236998962,classification_2018,34,Glacier,"{""type"":""MultiPoint"",""coordinates"":[]}"
33_0_13,42.74525914715582,classification_2018,68,Other natural non-vegetated area,"{""type"":""MultiPoint"",""coordinates"":[]}"
34_0_0,7185.017388374955,classification_2019,3,Forest Formation,"{""type"":""MultiPoint"",""coordinates"":[]}"
34_0_1,103.27615309149137,classification_2019,9,Forest Plantation,"{""type"":""MultiPoint"",""coordinates"":[]}"
34_0_2,30.42616019055171,classification_2019,11,Wetland,"{""type"":""MultiPoint"",""coordinates"":[]}"
34_0_3,4129.622501599207,classification_2019,13,Other Non Forest Natural Formation,"{""type"":""MultiPoint"",""coordinates"":[]}"
34_0_4,10901.695003261675,classification_2019,21,Mosaic of Agriculture and Pasture,"{""type"":""MultiPoint"",""coordinates"":[]}"
34_0_5,35.67608448950178,classification_2019,23,Beach and Dune,"{""type"":""MultiPoint"",""coordinates"":[]}"
34_0_6,68.16553121112017,classification_2019,24,Urban Infrastructure,"{""type"":""MultiPoint"",""coordinates"":[]}"
34_0_7,324.0930908854305,classification_2019,25,Other Non Vegetated Area,"{""type"":""MultiPoint"",""coordinates"":[]}"
34_0_8,0.13316355407714847,classification_2019,27,Non Observed,"{""type"":""MultiPoint"",""coordinates"":[]}"
34_0_9,136.2376151514672,classification_2019,29,Rocky outcrop,"{""type"":""MultiPoint"",""coordinates"":[]}"
34_0_10,21.881435161254966,classification_2019,30,Mining,"{""type"":""MultiPoint"",""coordinates"":[]}"
34_0_11,118.38325084225687,classification_2019,33,"River, Lake and Ocean","{""type"":""MultiPoint"",""coordinates"":[]}"
34_0_12,15.194314613829981,classification_2019,34,Glacier,"{""type"":""MultiPoint"",""coordinates"":[]}"
34_0_13,42.555758262023836,classification_2019,68,Other natural non-vegetated area,"{""type"":""MultiPoint"",""coordinates"":[]}"
35_0_0,7187.3690792771795,classification_2020,3,Forest Formation,"{""type"":""MultiPoint"",""coordinates"":[]}"
35_0_1,101.32280886657698,classification_2020,9,Forest Plantation,"{""type"":""MultiPoint"",""coordinates"":[]}"
35_0_2,33.64814702734374,classification_2020,11,Wetland,"{""type"":""MultiPoint"",""coordinates"":[]}"
35_0_3,4146.079603380888,classification_2020,13,Other Non Forest Natural Formation,"{""type"":""MultiPoint"",""coordinates"":[]}"
35_0_4,10895.901690130553,classification_2020,21,Mosaic of Agriculture and Pasture,"{""type"":""MultiPoint"",""coordinates"":[]}"
35_0_5,32.65914202612298,classification_2020,23,Beach and Dune,"{""type"":""MultiPoint"",""coordinates"":[]}"
35_0_6,69.79722115765315,classification_2020,24,Urban Infrastructure,"{""type"":""MultiPoint"",""coordinates"":[]}"
35_0_7,312.5064588837204,classification_2020,25,Other Non Vegetated Area,"{""type"":""MultiPoint"",""coordinates"":[]}"
35_0_8,0.13316355407714847,classification_2020,27,Non Observed,"{""type"":""MultiPoint"",""coordinates"":[]}"
35_0_9,136.40294351963496,classification_2020,29,Rocky outcrop,"{""type"":""MultiPoint"",""coordinates"":[]}"
35_0_10,22.238202159057717,classification_2020,30,Mining,"{""type"":""MultiPoint"",""coordinates"":[]}"
35_0_11,118.80277509054777,classification_2020,33,"River, Lake and Ocean","{""type"":""MultiPoint"",""coordinates"":[]}"
35_0_12,14.494191929076651,classification_2020,34,Glacier,"{""type"":""MultiPoint"",""coordinates"":[]}"
35_0_13,41.00202368652367,classification_2020,68,Other natural non-vegetated area,"{""type"":""MultiPoint"",""coordinates"":[]}"
36_0_0,7152.386394765123,classification_2021,3,Forest Formation,"{""type"":""MultiPoint"",""coordinates"":[]}"
36_0_1,101.91828433514443,classification_2021,9,Forest Plantation,"{""type"":""MultiPoint"",""coordinates"":[]}"
36_0_2,32.27423779211427,classification_2021,11,Wetland,"{""type"":""MultiPoint"",""coordinates"":[]}"
36_0_3,4144.481728779075,classification_2021,13,Other Non Forest Natural Formation,"{""type"":""MultiPoint"",""coordinates"":[]}"
36_0_4,10938.361747181227,classification_2021,21,Mosaic of Agriculture and Pasture,"{""type"":""MultiPoint"",""coordinates"":[]}"
36_0_5,30.449780634724632,classification_2021,23,Beach and Dune,"{""type"":""MultiPoint"",""coordinates"":[]}"
36_0_6,70.84885213879343,classification_2021,24,Urban Infrastructure,"{""type"":""MultiPoint"",""coordinates"":[]}"
36_0_7,305.3241231053953,classification_2021,25,Other Non Vegetated Area,"{""type"":""MultiPoint"",""coordinates"":[]}"
36_0_8,0.13316355407714847,classification_2021,27,Non Observed,"{""type"":""MultiPoint"",""coordinates"":[]}"
36_0_9,137.69297092960412,classification_2021,29,Rocky outcrop,"{""type"":""MultiPoint"",""coordinates"":[]}"
36_0_10,22.640459387451262,classification_2021,30,Mining,"{""type"":""MultiPoint"",""coordinates"":[]}"
36_0_11,120.3425851342389,classification_2021,33,"River, Lake and Ocean","{""type"":""MultiPoint"",""coordinates"":[]}"
36_0_12,14.191213306212868,classification_2021,34,Glacier,"{""type"":""MultiPoint"",""coordinates"":[]}"
36_0_13,41.31190964587455,classification_2021,68,Other natural non-vegetated area,"{""type"":""MultiPoint"",""coordinates"":[]}"
37_0_0,7138.289621419036,classification_2022,3,Forest Formation,"{""type"":""MultiPoint"",""coordinates"":[]}"
37_0_1,104.83873858007878,classification_2022,9,Forest Plantation,"{""type"":""MultiPoint"",""coordinates"":[]}"
37_0_2,31.455340403259274,classification_2022,11,Wetland,"{""type"":""MultiPoint"",""coordinates"":[]}"
37_0_3,4122.9236755169495,classification_2022,13,Other Non Forest Natural Formation,"{""type"":""MultiPoint"",""coordinates"":[]}"
37_0_4,10984.632290414898,classification_2022,21,Mosaic of Agriculture and Pasture,"{""type"":""MultiPoint"",""coordinates"":[]}"
37_0_5,29.700472054931566,classification_2022,23,Beach and Dune,"{""type"":""MultiPoint"",""coordinates"":[]}"
37_0_6,72.10588435272163,classification_2022,24,Urban Infrastructure,"{""type"":""MultiPoint"",""coordinates"":[]}"
37_0_7,294.27002852458554,classification_2022,25,Other Non Vegetated Area,"{""type"":""MultiPoint"",""coordinates"":[]}"
37_0_8,0.13316355407714847,classification_2022,27,Non Observed,"{""type"":""MultiPoint"",""coordinates"":[]}"
37_0_9,136.95615928910237,classification_2022,29,Rocky outcrop,"{""type"":""MultiPoint"",""coordinates"":[]}"
37_0_10,22.29344639886485,classification_2022,30,Mining,"{""type"":""MultiPoint"",""coordinates"":[]}"
37_0_11,121.83054866568209,classification_2022,33,"River, Lake and Ocean","{""type"":""MultiPoint"",""coordinates"":[]}"
37_0_12,13.636811369872717,classification_2022,34,Glacier,"{""type"":""MultiPoint"",""coordinates"":[]}"
37_0_13,39.29127014495879,classification_2022,68,Other natural non-vegetated area,"{""type"":""MultiPoint"",""coordinates"":[]}"
38_0_0,7147.716227581747,classification_2023,3,Forest Formation,"{""type"":""MultiPoint"",""coordinates"":[]}"
38_0_1,104.38935529821799,classification_2023,9,Forest Plantation,"{""type"":""MultiPoint"",""coordinates"":[]}"
38_0_2,29.40119508966056,classification_2023,11,Wetland,"{""type"":""MultiPoint"",""coordinates"":[]}"
38_0_3,0.4561736173706071,classification_2023,12,"Grassland (Pastizal, Formación Herbácea)","{""type"":""MultiPoint"",""coordinates"":[]}"
38_0_4,4150.512523371182,classification_2023,13,Other Non Forest Natural Formation,"{""type"":""MultiPoint"",""coordinates"":[]}"
38_0_5,10947.232145709317,classification_2023,21,Mosaic of Agriculture and Pasture,"{""type"":""MultiPoint"",""coordinates"":[]}"
38_0_6,34.39713483492997,classification_2023,23,Beach and Dune,"{""type"":""MultiPoint"",""coordinates"":[]}"
38_0_7,75.69438647521928,classification_2023,24,Urban Infrastructure,"{""type"":""MultiPoint"",""coordinates"":[]}"
38_0_8,289.61066549095494,classification_2023,25,Other Non Vegetated Area,"{""type"":""MultiPoint"",""coordinates"":[]}"
38_0_9,0.13316355407714847,classification_2023,27,Non Observed,"{""type"":""MultiPoint"",""coordinates"":[]}"
38_0_10,135.4192835826821,classification_2023,29,Rocky outcrop,"{""type"":""MultiPoint"",""coordinates"":[]}"
38_0_11,23.111045412231512,classification_2023,30,Mining,"{""type"":""MultiPoint"",""coordinates"":[]}"
38_0_12,119.82339244093072,classification_2023,33,"River, Lake and Ocean","{""type"":""MultiPoint"",""coordinates"":[]}"
38_0_13,13.221009484557747,classification_2023,34,Glacier,"{""type"":""MultiPoint"",""coordinates"":[]}"
38_0_14,41.23974874591086,classification_2023,68,Other natural non-vegetated area,"{""type"":""MultiPoint"",""coordinates"":[]}"
